적은날	잴날	무엇	어떻게	왜	잰날	결과
2026-10-05	2026-10-19	일주 60장 색인	서치콘솔 klifemap.ai 에서 /ilju/ 로 시작하는 주소가 몇 장 색인됐나. 60장 중 몇 장인지 수로 적는다	닮은 몫이 우리 선(50%)을 넘었다(192쌍 중 65쌍, 최대 72.7%). 사장님께 2주 뒤 재서 판정하겠다고 올렸다		
2026-10-05	2026-10-19	새 지면 72장 색인	서치콘솔에서 tojeong·sinsal·japsinsal·sonnal·sipseong·ages·yuksipgapja·sinnyeon-unse·cheongan-jiji 아홉 장이 색인됐나	2026-10-05 에 낸 지면이 실제로 구글에 들어갔는지 봐야 낸 보람을 안다		
2026-10-05	2026-10-12	그룹 263장 제목 효과	서치콘솔 query+page 에서 members age 계열 말의 노출·클릭이 늘었나	제목의 콜론을 빼 members ages 를 연속으로 만들었다. 고쳤다는 것과 효과가 났다는 것은 다르다		
2026-10-05	2027-01-02	신년운세 지면 해 바꾸기	klifemap 에서 node tools/신년운세지면-짓는다.mjs --해 2028 뒤 커밋·배포	해가 바뀌면 지난해 지면이 남는다		
2026-10-05	2026-10-06	색인 요청 남은 일곱	node scripts/구글-색인요청.mjs 로 cheongan-jiji·ilju/·sinnyeon-unse·sinsal·sonnal·japsinsal·dollimja — 하루 한 장씩만 들어간다	10-05 09:35 에 yuksipgapja 하나만 들어가고 나머지는 할당량 초과. 구글 색인요청 할당량이 하루 한 장 수준이다 — 사이트맵 lastmod 와 링크가 본길이다		
2026-10-05	2027-01-02	만 나이 지면 해 바꾸기	klifemap 에서 node tools/만나이지면-짓는다.mjs --해 2027 뒤 커밋·배포	해가 바뀌면 표의 나이가 한 살씩 틀린다		
2026-10-05	2026-10-06	🔴 videos.html 영어판에 제목·설명이 통째로 없다	curl "https://klifemap.ai/videos.html?lang=en" 으로 받아 <title>·description 이 있는지 본다. 없으면 i18nSsr 가 아니라 라이브 쪽에서 먹히는 것이므로 서버 로그와 컨테이너 파일을 본다	라이브 ko 50,095바이트 / en 11,973바이트 — en 에서 38KB 가 사라지고 <title> 0개·description 0개. 같은 코드로 로컬에서 그리면 25,477바이트에 둘 다 멀쩡하다. 2026-10-05 12:1x 에 못 풀고 적어 둔다. videos.html 은 noindex 가 아니라 색인되는 지면이다		
2026-10-05	2026-10-07	klifemap sitemap-core.xml 이 자기 생성기와 어긋난다	klifemap 에서 node tools/build-core-sitemap.mjs --짓는다 를 돌려 보고 나오는 수를 저장소 파일과 맞대어 본다. 어느 쪽이 맞는지 정하고 한쪽으로 모은다	저장소 파일은 110쪽인데 생성기는 36쪽을 낸다(그 자의 자가시험이 「마흔 쪽 아래」를 못 박고 있다). 누군가 sitemap.xml 을 덮어쓴 것으로 보인다. robots.txt 는 이 파일을 안 가리키지만 서치콘솔에는 2026-09-27 에 제출돼 있어 구글이 읽는다. 내가 이해 못한 변화라 되돌려 두었다 — 2번과 맞춰 정한다		
2026-10-05	2026-10-06	klifemap 바깥말 지면 셋이 아직 한국어로 나간다	klifemap 에서 node tools/check-라이브-네말.mjs 를 돌려 남은 자리를 본다. reviews·ilzin·horoscope 셋이다	reviews(zh 12.4%) 는 화면 대본이 글을 덮어써서 HTML 만 고치면 안 된다. ilzin(zh 11.6%) 은 사전 구조가 다른 지면과 달라(겹친 꼴) 내가 잘못 넣었다가 되돌렸다 — 모르는 채로 고치지 않았다. horoscope(zh 29.4%) 는 조각이 36개라 품이 든다. pricing·daily·astro-synastry 는 10-05 에 0% 로 고쳤다		
2026-10-05	2026-10-06	🔴 videos.html 영어판이 제목·설명을 잃는 자리를 좁혔다 (로컬 재현됨)	klifemap 에서 PORT=3999 node server.js 로 띄우고 curl http://127.0.0.1:3999/videos.html?lang=en — 라이브와 똑같이 11,973바이트가 나온다. 거기서부터 server.js 의 단계를 하나씩 끊어 본다	라이브 ko 50,095 / en 11,973 이 로컬에서 그대로 재현된다. 범위를 좁혔다 — 내부주석걷기·i18nSsr.지면만들기·geoLd.붙이기·staticNav.붙이기 넷을 손으로 차례로 돌리면 27,177바이트에 title 둘이 멀쩡하다. 즉 그 넷이 아니다. 지워지는 덩이는 첫 <title> 부터 구조화자료(ld+json) 끝까지 약 17KB 가 통째다. 말에 따라 지우는 자는 한국어전용걷기 하나뿐인데 그 자를 따로 돌리면 머리를 안 건드린다 — 서버가 끼워 넣은 chrome 쪽에 안 닫힌 data-ko-only 가 있어 요소끝찾기가 넘겨 먹는 것이 아닌지 본다		
2026-10-11	2026-10-18	영문 스니펫에서 한자 뺀 효과	node scripts/fetch-gsc.mjs --사이트 seoulmarkets --갈래 query+page 로 같은 창을 다시 재서 docs/제목고침-클릭기준선.tsv 의 2026-10-11 줄과 견준다. 앞장(10위 안) 노출 110 · 클릭 0 이 어떻게 바뀌었나	일본 3699장 대만 1056장의 구글 스니펫 둘째 문장이 영어 손님이 못 읽는 한자 이름이었다. 설명에서 빼고 영업이익을 넣었다. ⛔ 이것이 클릭 0 의 까닭이라고 단정하지 않았다 - 110회는 그렇게 말하기엔 적다. 그래서 재 보겠다고 남긴 것이다. 고쳤다는 것과 효과가 났다는 것은 다르다		
