# 사이트맵 lastmod 기록 — 날짜	사이트	전체	오늘
# ⛔ 이 파일을 지우면 「며칠째 잇달아」를 못 센다. 하루치만으로는 판정이 안 된다
2026-09-23	KLifeMap	1991	1468
2026-09-23	SeoulMarkets	195	0
2026-09-24	KLifeMap	530	0
2026-09-24	SeoulMarkets	200	0
2026-09-28	KLifeMap	2809	0
2026-09-28	SeoulMarkets	201	0
2026-09-29	KLifeMap	2819	0
2026-09-29	SeoulMarkets	201	0
2026-09-30	KLifeMap	2829	0
2026-09-30	SeoulMarkets	201	0
2026-10-02	KLifeMap	2856	0
2026-10-02	SeoulMarkets	201	0
2026-10-03	KLifeMap	2865	0
2026-10-03	SeoulMarkets	201	0
2026-10-04	KLifeMap	2874	0
2026-10-04	SeoulMarkets	201	0
2026-10-05	KLifeMap	2885	0
2026-10-05	SeoulMarkets	201	0
2026-10-06	KLifeMap	3007	0
2026-10-06	SeoulMarkets	201	0
2026-10-06	SeoulMarkets 회사	2582	0
2026-10-10	KLifeMap	3047	0
2026-10-10	SeoulMarkets	204	0
2026-10-10	SeoulMarkets 회사	2582	0
2026-10-11	KLifeMap	3055	0
2026-10-11	SeoulMarkets	204	0
2026-10-11	SeoulMarkets 회사	2582	0
