잰날	잰때	사이트	잰장수	색인됨	왔는데색인안함	발견안됨	못물음	알지만안옴
2026-10-04	02:23	klifemap	17	1	7	9	0
2026-10-04	02:23	seoulmarkets	9	3	1	5	0
2026-10-04	02:23	kcw	8	2	5	1	0
2026-10-04	02:23	100y	8	6	0	2	0
2026-10-04	04:47	klifemap	17	1	7	4	0	5
2026-10-04	04:47	seoulmarkets	9	3	1	1	0	4
2026-10-04	04:47	kcw	8	2	5	0	0	1
2026-10-04	04:47	100y	8	6	0	1	0	1
2026-10-05	04:49	klifemap	11	1	7	3	0	0
2026-10-05	04:49	seoulmarkets	3	2	1	0	0	0
2026-10-05	04:49	kcw	2	1	1	0	0	0
2026-10-05	04:49	100y	2	2	0	0	0	0
2026-10-05	16:36	klifemap	11	1	7	2	1	0
2026-10-05	16:36	seoulmarkets	3	2	1	0	0	0
2026-10-05	16:36	kcw	2	1	0	0	1	0
2026-10-05	16:36	100y	2	2	0	0	0	0
2026-10-05	22:10	klifemap	11	1	8	2	0	0
2026-10-07	21:57	klifemap	11	1	8	2	0	0
2026-10-07	21:57	seoulmarkets	3	2	1	0	0	0
2026-10-07	21:57	kcw	2	1	1	0	0	0
2026-10-07	21:57	100y	2	2	0	0	0	0
2026-10-07	22:03	seoulmarkets	3	2	1	0	0	0
2026-10-07	22:03	kcw	2	1	1	0	0	0
2026-10-10	19:11	klifemap	19	1	9	9	0	0
2026-10-10	19:11	seoulmarkets	11	6	0	5	0	0
2026-10-10	19:11	kcw	10	2	5	3	0	0
2026-10-10	19:11	100y	10	6	0	3	0	0
2026-10-10	19:19	klifemap	19	1	9	9	0	0
2026-10-10	19:19	seoulmarkets	11	6	0	5	0	0
2026-10-10	19:19	kcw	10	2	5	3	0	0
2026-10-10	19:19	100y	10	6	0	3	0	0
